{
    "utterances": [
        {
            "text": "hello therapist",
            "entities": [
                {
                    "entity": "wake_word:wake_word",
                    "start": 0,
                    "end": 15,
                    "body": "hello therapist",
                    "entities": []
                }
            ],
            "traits": [],
            "intent": "wake_word"
        },
        {
            "text": "hey therapist",
            "entities": [
                {
                    "entity": "wake_word:wake_word",
                    "start": 0,
                    "end": 13,
                    "body": "hey therapist",
                    "entities": []
                }
            ],
            "traits": [],
            "intent": "wake_word"
        },
        {
            "text": "namaste therapist",
            "entities": [
                {
                    "entity": "wake_word:wake_word",
                    "start": 0,
                    "end": 17,
                    "body": "namaste therapist",
                    "entities": []
                }
            ],
            "traits": [],
            "intent": "wake_word"
        },
        {
            "text": "namaste therapist ji",
            "entities": [
                {
                    "entity": "wake_word:wake_word",
                    "start": 0,
                    "end": 17,
                    "body": "namaste therapist",
                    "entities": []
                },
                {
                    "entity": "wake_word:wake_word",
                    "start": 18,
                    "end": 20,
                    "body": "ji",
                    "entities": []
                }
            ],
            "traits": [],
            "intent": "wake_word"
        }
    ]
}
