{
    "name": "wake_word",
    "roles": [
        "wake_word"
    ],
    "lookups": [
        "free-text",
        "keywords"
    ],
    "keywords": [
        {
            "keyword": "hello therapist",
            "synonyms": [
                "hello therapist"
            ]
        },
        {
            "keyword": "hey therapist",
            "synonyms": [
                "hey therapist"
            ]
        },
        {
            "keyword": "ji",
            "synonyms": [
                "ji"
            ]
        },
        {
            "keyword": "namaste therapist",
            "synonyms": [
                "namaste therapist"
            ]
        },
        {
            "keyword": "therapist",
            "synonyms": [
                "therapist"
            ]
        }
    ]
}
